input,answers,context_id
"What is the main objection Mary has to the poem ""The Witch of Atlas""?","Mary objects to the poem because it lacks human interest and does not tell a story, either true or false.",7bf812e13cd9431974330c0995e3db8d
Describe the transformation of the Witch of Atlas' mother.,"The Witch's mother first transforms into a vapor, then a cloud, a meteor, and finally a star hidden between the Earth and Mars.",3b93c79306b6151089e4f8efa0dff844
What is the significance of the Witch's cave and its surroundings?,"The cave is a place of magic and beauty, where the Witch creates her enchantments and interacts with various spirits and deities. It is also a sanctuary where she can observe the world and influence it from a distance.",3ae846d078049ef2af56a5774f55939f
"What significant event involving Abd al-Muttalib and the Kaaba occurred, and how did it impact the religious landscape of the region?","Abd al-Muttalib discovered the Zamzam Well, which was considered sacred. This event solidified the importance of the Kaaba and the well in the religious practices of the region, as the well became a primary source of water for pilgrims visiting the Kaaba.",5bb1ad01f89c0893474c9ac02beeb030
What are the challenges associated with using the standard approach of maximizing the likelihood function in statistical inference?,"The challenges associated with using the standard approach of maximizing the likelihood function include the need to evaluate the partition function, which in the most general case involves computations that scale exponentially with the system size, making it computationally intensive.",2cdd4c2899d50200a8c79be3353764ec
What is the connection between Ashrita Shetty and the film Udhayam NH4?,"The connection between Ashrita Shetty and the film Udhayam NH4 is that Ashrita Shetty made her film debut in Udhayam NH4, playing the lead female role alongside Siddharth. The film was directed by Manimaran and featured a script and dialogues penned by Vetrimaaran.",195b7250931bd944c0eda28bca3034f4
How did Hans Zimmer's collaboration with Christopher Nolan on Interstellar influence the film's soundtrack?,"Hans Zimmer's collaboration with Christopher Nolan on Interstellar influenced the film's soundtrack by allowing Zimmer to create a unique and emotionally resonant score that captured the essence of the story and characters. Nolan provided Zimmer with a short story about a father and child, which inspired Zimmer to compose a four-minute piano and organ piece that became the heart of the film's score. This collaboration resulted in a critically acclaimed soundtrack that enhanced the film's narrative and emotional impact.",1bef9904a60dfdbd77553d011cfa7f16
How does environmental variability affect the reliance of artificial organisms on plasticity?,"Environmental variability and uncertainty control the reliance of artificial organisms on plasticity, with higher variability and uncertainty leading to greater reliance on plasticity for adaptation.",54c10be5da593b2dff9ee0c98ca9652e
What role does coevolution play in the development of plasticity rules in embodied agents?,"Coevolution between static connectivity and interacting plasticity mechanisms in distinct sub-networks changes the function and form of the emerging plasticity rules, allowing for greater diversity in the learning rules and resulting learned connectivity.",4865ec30e72c77d6fb9037316f491980
How do minor variations in the task or network parametrization affect the plasticity rules?,"Minor variations in the task or network parametrization can give rise to significantly different plasticity rules, highlighting the sensitivity of the optimization process to task details and network configurations.",ab26dfa580a4c8e1dac67572aa70b51f
What was the reason behind the change in voice actors for Meg Griffin in Family Guy?,"Lacey Chabert originally voiced Meg Griffin in the first season, but she left the series due to time constraints with her acting role in Party of Five and schoolwork. Mila Kunis then took over the role starting from the second season.",e22bca4e43ad0e67be14044b386f9467
"How did The Cleveland Show come into existence, and what was its premise?","The Cleveland Show was conceived by Seth MacFarlane in 2007 as a spin-off of Family Guy, focusing on the character Cleveland Brown and his new family. The series follows Cleveland, his wife Donna, and their children as they navigate life in the town of Stoolbend, Virginia. The show was canceled after four seasons, and Cleveland returned to Family Guy with his family.",70f36d2ed47637cb05c888a95720b9d4
What were the main reasons behind the controversies surrounding the 2014-15 Oman Professional League?,"The main reasons behind the controversies surrounding the 2014-15 Oman Professional League included financial issues faced by the clubs, the inability of the Oman Football Association to fulfill promises made before the introduction of the pro-league system, and disputes over payment issues with referees. These factors led to a boycott of the league by top clubs and a refusal by Omani referees to officiate matches, causing disruptions and embarrassment for the Oman Football Association.",cc24d1a259070b21d4d88c5243ddcf0d
How did the 1981 Major League Baseball strike impact the season and the structure of the playoffs?,"The 1981 Major League Baseball strike, which lasted from June 12 to July 31, forced the cancellation of 713 games and resulted in a split-season format. The season was divided into two halves, with the first-half and second-half winners in each division facing each other in a best-of-five divisional playoff series. This unique structure led to teams with inferior overall records qualifying for the playoffs based on their performance in one half of the season, which was a departure from the traditional playoff format.",a880ff36b5f5da987470bb5fd79ac2ad
"How does ""No Trees in the Street"" contribute to the genre of British kitchen sink realism?","The film contributes to kitchen sink realism by presenting a naturalistic depiction of slum life, focusing on the gritty realities of working-class existence, and exploring themes of crime, poverty, and social struggle in a raw and unglamorous manner.",6bc140b8af36ac54e93ff52fa3020b78
"How does the critical reception of ""No Trees in the Street"" reflect its strengths and weaknesses?","Critics praised the film for its naturalistic depiction of slum life and strong performances, particularly Sylvia Syms' role. However, they also noted weaknesses in the artificiality of plot and dialogue, and the reduction of characterizations to stereotypes, which detracted from the overall impact of the film.",a423db0beade77aacf629053a58218f2
"What challenges did J. Lee Thompson face in his career, and how did they affect his body of work?","J. Lee Thompson faced challenges such as being blacklisted during the House Un-American Activities Committee hearings, which temporarily halted his career. This, along with his later work in lower-budget films, may have influenced the variety and quality of his filmography, which includes both acclaimed works and lesser-known productions.",1e085e74fed347aa81de3fa2bcbb83d9
What is the significance of studying puns in the context of human-computer interaction and machine translation?,"Studying puns is significant because it enhances the understanding of language nuances, which can improve the performance of systems in human-computer interaction and machine translation by enabling them to better interpret and generate language with the same level of subtlety as humans.",cd0f88d1f2daf2b145d7a6f93b30cadf
How does the joint learning approach for pun detection and location differ from the traditional pipeline methods?,"Joint learning differs from pipeline methods by addressing both pun detection and location tasks simultaneously within a single model, reducing error propagation and allowing information exchange between tasks, which can lead to improved performance.",0c4341b60f2e39ac1f19d16fb1b7e951
How does the proposed approach for joint pun detection and location compare to previous methods in terms of applicability and performance?,"The proposed approach is generally applicable to both heterographic and homographic puns, unlike many previous methods that were limited to specific types. Empirical results show that the proposed approach achieves state-of-the-art performance on benchmark datasets, demonstrating that the two tasks can be effectively addressed by a single model.",0a96390a122884c2379eaffb1f6fd0b3
What is the primary challenge in numerically determining the nuclear liquid-gas transition from a gas of hadrons to a nuclear phase using conventional lattice QCD?,The primary challenge is the severe sign problem that arises at large values of the baryon chemical potential.,53113cda3e11e7ab3bba9cbc26080260
How is the sign problem addressed in the strong coupling limit of lattice QCD?,"The sign problem is mild in the strong coupling limit and can be managed with sign reweighting, as baryons are non-relativistic and typically have loop geometries with positive signs.",12f0905643efff796c2cce7d11776001
What is the significance of the Spiel des Jahres award mentioned in several passages?,"The Spiel des Jahres is a prestigious award in the board game industry, recognizing excellence in game design. Winning this award can significantly boost a game's popularity and sales.",7b0dc08cce5e9f1b9299b0c03bc24411
What is the unique feature of the game Clans that distinguishes it from other board games?,"Clans is unique in that players do not know the colors of the other players' cards, adding an element of secrecy and strategy to the gameplay.",b35801d55de90ea8fdd91bbde84a60f2
How does the pie rule in board games help balance gameplay between two players?,"The pie rule is used to mitigate the advantage of going first in two-player games. After the first player makes their initial move, the second player has the option to swap sides, thus balancing the gameplay.",9e53fc90f9dfa7af8787a4bea9142369
What are some of Dana Blankstein-Cohen's contributions to film and television education in Israel?,"Dana Blankstein-Cohen has made significant contributions to film and television education in Israel. She is the executive director of the Sam Spiegel Film and Television School, where she oversees the Sam Spiegel International Film Lab and spearheaded the launch of the new Series Lab and the film preparatory program for Arabic speakers in east Jerusalem.",bad7a425da56c42274a3dfd79e50ebad
What is the origin of the Billiken and how has it been used in modern times?,"The Billiken is a charm doll created by American art teacher Florence Pretz, who claimed to have seen the figure in a dream. It was originally used as a good luck charm, with the belief that owning one brought luck, and receiving one as a gift brought even better luck. In modern times, the Billiken is the official mascot of Saint Louis University and St. Louis University High School, and it is also the mascot of the Royal Order of Jesters, an invitation-only Shriner group affiliated with Freemasonry.",fb90b9cfb7dc24a1babfb81f6cf882b3
"Who was Auguste Levêque, and what were his contributions to art?","Auguste Levêque was a Belgian painter influenced by both realism and symbolism. He was also a sculptor, poet, and art theoretician. Levêque studied under Jean-François Portaels at the Académie Royale des Beaux-Arts in Brussels and received the Prix Godecharle for his painting ""Job"" in 1890. He was a member of the ""Salon d'Art Idéaliste,"" a group that contributed to the Belgian equivalent of the Parisian Rose & Cross Salon. Levêque's notable paintings include ""Job,"" ""Les Dentelles d'airain,"" and ""Mater dolorosa,"" among others.",5a7d8cdb730b6d3fdf0a35ecea2972c0
"What are the key areas of Wale Adebanwi's research, and how has his career evolved from journalism to academia?","Wale Adebanwi's key research areas include social change, nationalism and ethnicity, race relations, identity politics, elites and cultural politics, democratic process, newspaper press, and spatial politics in Africa. His career began in journalism, working as a reporter, writer, journalist, and editor for various newspapers and magazines. He then transitioned to academia, joining the University of Ibadan's Department of Political Science as a lecturer and researcher. He later became an assistant professor at the University of California, Davis, and eventually a full professor. Adebanwi has held prestigious positions such as the Rhodes Professor at St Antony's College, Oxford, and is currently a Presidential Penn Compact Professor of Africana Studies at the University of Pennsylvania.",5fda43ee3b547de45671d0d4956b8335
"What was Robert Day's transition like from working in the British film industry to directing in Hollywood, and what notable roles did he take on in his productions?","Robert Day transitioned from working in the British film industry to directing in Hollywood in the 1960s. He began directing TV episodes and made-for-TV movies, occasionally taking small parts in his own productions. Notable roles he took on include appearances in ""The Haunted Strangler"" (1958), ""Two-Way Stretch"" (1960), and the TV mini-series ""Peter and Paul"" (1981).",bd0ac922dc9f8d9c32cb4e9cf61d1e35
"How does the system utilize linguistic, layout, and topical features in propaganda detection?","The system utilizes linguistic features such as sentiment, readability, emotion, part-of-speech tags, and named entity tags. Layout features are also considered, though not detailed in the article. Topical features, such as document-topic proportions, are used to identify irrelevant themes that might be introduced to manipulate the discussion, such as a Red Herring.",d49ae70e5e40feb7bb8566a03b12bcd5
What role do pre-trained embeddings from FastText and BERT play in the system's approach to propaganda detection?,"Pre-trained embeddings from FastText and BERT are used for word and sentence representations, providing a foundation of learned features from large datasets. These embeddings help the system to better understand and classify sentences and fragments based on their semantic and syntactic properties.",317eeefd1a88349abb7abb993c14c5ff
"How does the ensemble of classifiers (Logistic Regression, CNN, and BERT) function in the system's approach to sentence-level propaganda detection?","The ensemble collects predictions from each of the three classifiers for each sentence, resulting in multiple predictions per sentence. Two ensemble strategies are explored: majority-voting to boost precision and relax-voting to boost recall. This approach helps in making more accurate and balanced predictions about whether a sentence contains propaganda.",31893da0e3a4d9b06a209d4c7124500c
How does the system handle the complexity of propaganda techniques in the FLC task?,"The system handles the complexity by introducing features such as polarity, POS, and NER into the LSTM-CRF model, which helps in improving F1 scores. Additionally, the system explores multi-grained LSTM-CRF with and without BERT embeddings, and performs multi-tasking with an auxiliary task of propagandistic span/fragment detection, enhancing the detection of propagandistic fragments and their types.",f6bb8573679380686f84c661a761e65a
"How did Alex Cox's career trajectory change after the commercial failure of his film ""Walker""?","After the commercial failure of ""Walker,"" Cox's career moved towards independent films. The film's lack of box office success ended his involvement with Hollywood studios and led to a period where he did not direct a single film. Despite this, Cox and some critics maintain that ""Walker"" is his best film.",477342d668694d8f0ede79a697394e4d
"What role did Humphrey de Bohun, 3rd Earl of Hereford, play in the opposition to King Edward I over the Confirmatio Cartarum?","Humphrey de Bohun, 3rd Earl of Hereford, was an active participant in the opposition to King Edward I over the Confirmatio Cartarum. He, along with Roger Bigod, Earl of Norfolk, refused to perform feudal service and protested against the heavy burden of taxation caused by Edward's continuous warfare. Hereford and Bigod were joined by other earls and the Archbishop of Canterbury in their opposition. The conflict was eventually resolved when the king signed the Confirmatio Cartarum, and Hereford agreed to serve in the Falkirk Campaign.",b78dab7f13fa376a898bd8e5ca15ee8c
What were the circumstances surrounding the death of Sir Henry de Bohun at the Battle of Bannockburn?,"Sir Henry de Bohun was killed on the first day of the Battle of Bannockburn by Robert the Bruce. De Bohun, riding in the vanguard of heavy cavalry, spotted the Scottish king who was armed only with a battle-axe. De Bohun charged at Bruce with his lance, but Bruce maneuvered his mount to one side, stood up in his stirrups, and hit de Bohun with his axe, cutting through both his helmet and skull and into his brain.",93dd089b2491180b8e77cd708e13b567
What is the primary mechanism discussed in the text that leads to the two-stage Kondo screening in a system with two quantum dots (QDs) coupled to a superconducting (SC) lead?,"The primary mechanism is the crossed Andreev reflection (CAR) exchange, which arises due to non-local pairing induced by the SC electrode. This mechanism can lead to the two-stage Kondo screening even in the absence of other exchange mechanisms.",f0c503e28605ffe30b337dd05c17bbf0
What is the significance of the RKKY interaction in the context of the systems discussed in the text?,"The RKKY interaction competes with the Kondo effect and can lead to quantum phase transitions of debated nature. It is a mechanism by which conduction band electrons mediate the exchange interaction between two QDs, influencing the ground state of the system.",76f61dba3ce83eedccc795deae9afa2b
What is the significance of Thomas Kennedy in the context of Scottish politics?,"Thomas Kennedy was a Scottish judge, joint Solicitor General for Scotland, Lord Advocate, and Member of Parliament for Ayr Burghs.",abf6b5f0d4bdd56de7b11e81b57f7c1b
What is the connection between Tom Ford and the fashion industry?,Tom Ford is an American designer who has made significant contributions to the fashion industry.,f5cda4f2211eb1e1e139e604a94f5b31
How does the proposed method handle higher-order poles and their corresponding coefficients in nonlinear systems?,The proposed method handles higher-order poles and their corresponding coefficients by decoupling the Volterra kernels using Laguerre polynomials and then analytically computing the partial response related to a single Laguerre polynomial in terms of the pole-residue method. This is a novel approach compared to the traditional pole-residue method for linear systems.,ce6c69f6968e336266efc19eef09e071
How does the proposed method compare to the fourth-order Runge-Kutta method in terms of computational efficiency?,"The proposed method is much more efficient in computational time than the fourth-order Runge-Kutta method, especially for long response times. This is because the proposed method provides an explicit, continuous response function of time, eliminating the need for small time steps required for high-precision solutions in numerical methods like Runge-Kutta.",0ad2ef584d4886ed9e9a57d9adf2f01e
Can the proposed method be applied to systems with unknown equations of motion?,"Yes, the proposed method can be applied to systems with unknown equations of motion. The paper demonstrates this by using a known input excitation and its corresponding response to identify the Volterra kernel functions, which are then used to predict system responses following the same procedure as for systems with known equations of motion.",3ac8746162783b301e99fcdd265cee4b
What are the key components of the nonlinear response according to the proposed method?,"The key components of the nonlinear response according to the proposed method are the natural response, which is only related to system poles; the forced response, which is related only to excitation poles; and the cross response, which is related to both system poles and excitation poles. These components are naturally obtained in the solution procedure.",438fdb29928f3ab20d86280319f9fa3d
"What is the innovation in ""Transport of chitosan-DNA nanoparticles in human intestinal M-cell model versus normal intestinal enterocytes"" regarding gene delivery?","The innovation lies in the use of chitosan-DNA nanoparticles to facilitate gene delivery specifically through the M-cell model of the human intestine, which is different from the normal intestinal enterocytes and may offer a more efficient route for oral gene therapy.",1c0eaf97ee03e1ddf8171c13f8d92ddc
"In the publication ""Dual-Sensitive Micellar Nanoparticles Regulate DNA Unpacking and Enhance Gene-Delivery Efficiency,"" what dual sensitivity is being referred to?","The dual sensitivity refers to the micellar nanoparticles' ability to respond to two different stimuli or conditions, which in turn regulates the unpacking of DNA and enhances the efficiency of gene delivery.",26a88c78aa538b8eb3bcccdc7031605f
What is the historical context of the area around Koh Sotin District in Cambodia?,"The area around Koh Sotin District has been inhabited since ancient times. Before the arrival of the Khmer, the region was inhabited by the Austroasiatic Khmer people. The district has a history of being a strategic location due to its proximity to the Mekong River and has been influenced by various political and cultural changes throughout history.",bd42b3e3231aeb908884383b3f0f6a85
What is the demographic makeup of Pulaski High School in Wisconsin?,"Pulaski High School has a student body that is over 90% Caucasian, with smaller percentages of American Indian, Hispanic, African American, and Asian students. The school is nearly evenly split between male and female students, with a slight majority of males. Just over 22% of the students are eligible for free or reduced lunch.",fbe22443358084cc1d62e2c21d9be892
"What is the programming focus of CIBX-FM in Fredericton, New Brunswick, Canada?","CIBX-FM in Fredericton, New Brunswick, Canada, initially broadcasted a soft adult contemporary music format before evolving towards adult contemporary. It then shifted to a Top 40/CHR format and later to Hot AC, rebranding as Move 106.9. In 2022, the station flipped back to adult contemporary music.",bc3bffc6d5225554ca182514ca4520d1
"What role does Jomo Kenyatta play in the narrative of ""Weep Not, Child,"" and how does his character contribute to the novel's themes?","Jomo Kenyatta is portrayed as a symbol of hope and a potential savior for the Kenyan people, embodying the aspirations for independence and the restoration of traditional values. His trial and imprisonment serve as a pivotal moment that catalyzes further resistance and repression, reinforcing the novel's themes of struggle, disillusionment, and the search for leadership in the fight against colonialism.",50f2c2eb05b7c8bf71c024e14a348a0e
What are the key findings from the regression analysis regarding the types of questions that benefit from pre-training with cloze questions?,"The regression analysis reveals that questions with high lexical overlap between the question and the sentence containing the answer benefit significantly from pretraining. Conversely, questions with high overlap with the entire passage tend to have lower performance. Additionally, questions with short answers and those containing tokens infrequent in the training corpus also see a boost after pretraining.",55047e7bd5e7a4bf46bcd2beaa374f95
What role does fine-tuning play in the overall performance of the proposed QA system?,"Fine-tuning is crucial for the system's performance, as it allows the model to adapt to the specific labeled data provided, achieving a significant proportion of the performance typically attained with much larger datasets. This step is essential after the initial pre-training with cloze questions.",131c01f3153befb7556036a061308ab7
What were the key contributions of Sebastian Cabot to the exploration of the New World?,"Sebastian Cabot explored the Northwest Passage through North America on behalf of England and later sailed for Spain, where he explored the Rio de la Plata in South America and established two new forts. He also led expeditions from Bristol to the New World, using two ships and bringing back salted fish, suggesting commercial interests in his voyages.",6453cb6805a0b1b2e30921113ae1d09c
How did Guilherme Marchi's consistency and dedication to bull riding contribute to his success in the sport?,"Guilherme Marchi's consistency and dedication to bull riding were evident in his impressive record of qualifying for the World Finals all 15 years of his PBR career (2004 to 2018). He was known for his nearly 75% bull riding success rate, which helped him win five events and earn over $1.5 million on his way to the 2008 PBR world championship title. Marchi's commitment to the sport also led him to become the first PBR rider to reach 500 and 600 qualified rides, further solidifying his legacy in bull riding.",783cbb71a61ef5ccbcf5c1417cf2be30
How did the Black Death impact the social and economic structures of Europe?,"The Black Death caused significant religious, social, and economic upheavals in Europe. It led to a labor shortage, which resulted in higher wages for workers, and pushed landowners to substitute monetary rents for labor services. The pandemic also restructured the power dynamics of fiefs and city-states, and survivors enjoyed more freedom and better economic conditions.",0313dae2c2b0862c07eae916fdd0d3bc
"What were the key differences in the roles and responsibilities of Archibald Acheson, 4th Earl of Gosford, compared to his predecessors?","Archibald Acheson, 4th Earl of Gosford, held the positions of Lord of the Bedchamber to Edward VII, Prince of Wales, Vice-Admiral of Ulster, and Lord Lieutenant of Armagh. He also served as Vice-Chamberlain of the Household of Queen Alexandra and was Honorary Colonel of the 3rd Battalion of the Royal Irish Fusiliers. These roles and responsibilities differed from his predecessors as they involved more direct service to the royal family and military appointments.",1f813c971b0127caa15bd971ef0c57a8
"What is the economic significance of the Bluegrass Commerce Park in Jeffersontown, Kentucky?","The Bluegrass Commerce Park in Jeffersontown, Kentucky, is economically significant as it is home to approximately 850 businesses and employs 38,000 people, making it the largest commerce park in the state and the third-largest city of employment in Kentucky.",a1ca217472d40f8e0df155ad6511677a
How did the invention of the bag-in-box system revolutionize the packaging industry?,"The invention of the bag-in-box system by William R. Scholle in 1955 revolutionized the packaging industry by providing a safe and efficient method for the transportation and dispensing of liquids, initially for battery acid. This innovation led to a ""packaging revolution"" and inspired the development of various applications, including the wine cask and aseptic packaging for processed foods and dairy products.",0100ca602393376cc4371eaa9b52d9d8
What is the role of the bag-in-box system in the dispensing of sulfuric acid for lead-acid batteries?,"The bag-in-box system is used for its original application of dispensing sulfuric acid for filling lead-acid batteries in garages and dealerships. The system ensures safe transportation and accurate dispensing of the acid, preventing spills and contamination, and making the process more efficient and safer for technicians.",a830a66a57714749de4311706862432e
How are regional plans prepared and finalized under the Act?,"Regional plans are prepared by the Director of Town and Country Planning after conducting necessary surveys and obtaining relevant maps and reports. The draft plan is published for public inspection and feedback. After considering objections and suggestions, the Director submits the plan to the State Government for approval. The State Government can approve the plan with or without modifications, and once approved, it is published in the Official Gazette.",78710dddb06985bc04bdda8c1128a2f3
What is the role of the Town and Country Development Authority established under the Act?,The Town and Country Development Authority is responsible for the proper implementation of the town and country development plan. It oversees the development and administration of special areas and is involved in the compulsory acquisition of land required for development plans.,d84ce2978e34a40035e27a15600f7e72
What was Gino Bartali's contribution to aiding Jews during World War II?,"Gino Bartali used his fame to carry messages and documents to the Italian Resistance, hid a Jewish family in his cellar, and cycled through various regions to help Jews escape persecution. He was recognized as a ""Righteous Among the Nations"" by Yad Vashem for his efforts.",4641952a6a2942d0d03a75cac95799fe
What was the significance of Tiberius Coruncanius in the development of Roman law?,"Tiberius Coruncanius is believed to be the first teacher of Roman law to offer public instruction, which led to the creation of a class of legally skilled non-priests (jurisprudentes) and the formalization of legal education in Rome.",c41124e649c435ad2cfb0d5986c8fbdd
What were the circumstances surrounding the disappearance of Captain Mansell Richard James after World War I?,"Captain Mansell Richard James disappeared after setting a postwar aviation record for prize money. He was last seen flying from Tyringham, Massachusetts, toward the south, then turning west, away from Boston. Despite extensive searches, no sign of James or his plane has ever been found.",f7fa803e920eac1152de221225dc8013
"What is a Pyrrhic victory, and can you provide an example from history?","A Pyrrhic victory is a victory that inflicts such a devastating toll on the victor that it is tantamount to defeat. An example is the Battle of Asculum in 279 BC, where Pyrrhus of Epirus defeated the Romans but suffered irreplaceable casualties, leading him to comment that another such victory would undo him.",ed29fc107d8a870bf38899be738c8893
What was the outcome of the Battle of María during the Peninsular War?,"The Battle of María was a French victory led by Joaquín Blake y Joyes against an Imperial French corps under Louis Gabriel Suchet. The French defeated the Austrians, but the rest of Blake's army got away in fairly good order after abandoning most of its artillery.",9bd149c44e14eaf19d296e83e359ed59
"What is the origin of the name ""Cropper"" in Cropper, Kentucky?","The name ""Cropper"" comes from the town's founder, James Cropper, a blacksmith and storekeeper who was the first person to build a house there in the 1790s.",8cfd88d62af4b702fbbe3ddeb88a03f8
How did Lesley Selander's extensive experience as an assistant director contribute to his prolific career in directing Westerns and adventure movies?,"Lesley Selander's early career as an assistant director on films like ""The Cat and the Fiddle"" and ""A Night at the Opera"" likely provided him with valuable insights into film production, collaboration, and storytelling techniques. This experience would have been instrumental in shaping his directorial style and contributing to his prolific output in directing Westerns and adventure movies.",83e109ef64558bff7b09295de1b5d402
"What historical event does the film ""Folgore Division"" depict, and how is it significant in the context of World War II?","""Folgore Division"" depicts the battle of El-Alamein during World War II, focusing on the 185th Airborne Division Folgore. This battle was significant as it marked a turning point in the North African Campaign, where the Allied forces began to gain the upper hand against the Axis powers, particularly the Italian forces portrayed in the film.",5957d8b3617fbd23117f64a55bddc2cb
What are the implications of the Eastern Division in various sports leagues and military contexts?,"The Eastern Division in sports leagues like the NHL, CFL, and AFL organizes teams for competitive balance and regional rivalries. In military contexts, such as the 12th (Eastern) Division, it signifies strategic organization and regional recruitment. These divisions help in managing large-scale operations and competitions efficiently.",4e7e6cc2f62455a13c0d1e989a57a7a0
What challenges did Lieutenant General Sir Dudley Russell face during World War II?,"Lieutenant General Sir Dudley Russell faced numerous challenges during World War II, including commanding the 8th Indian Infantry Division during the Italian Campaign, leading troops in various battles such as the East African Campaign, North Africa, and the Italian Front. He negotiated the surrender of Italian forces at Amba Alagi and was involved in intense fighting against the German Afrika Korps.",407385cdf31c6f69d21c899445e176ec
What role did Juan de Courten play in the Spanish military during the 18th century?,"Juan de Courten was a Spanish military officer who had a distinguished career, participating in the War of the Austrian Succession, the Spanish–Portuguese War, the Invasion of Algiers, and the Great Siege of Gibraltar. He was the last Spanish governor of Oran and led an infantry division during the War of the Pyrenees against the First French Republic, playing a prominent role in several key battles.",a4083a580b266311234ab1dd16a69d46
How has Maximiliano Serrano's career evolved in Argentine professional football?,"Maximiliano Serrano started his career with Defensores de Belgrano, where he played for seven years before moving to Almirante Brown. After a few seasons there, he joined Acassuso and later Talleres, all in the Primera B Metropolitana. Throughout his career, he has been a consistent midfielder, contributing both defensively and offensively in various clubs.",47e359625a99f2ad2ce8161f2f26ed47
"Why did Biltmore Records go out of business, and which artists' recordings did they rerelease?","Biltmore Records went out of business after RCA Victor sued them for making unauthorized reissues of material originally recorded by Victor. Biltmore rereleased recordings by Glenn Miller and His Orchestra, Benny Goodman, the Original Dixieland Jazz Band, Duke Ellington, Bix Beiderbecke, and Paul Whiteman.",ecd74922a752931bc95d563fe3c7fa47
"What is the mission of Equity Music Group, and which artists were signed to the label?","Equity Music Group was founded to represent the equality between the artist and the label, with artists owning what they create and getting paid from the first scanned sale. Artists signed to the label included Clint Black, Laura Bryna, Carolina Rain, Kevin Fowler, Carolyn Dawn Johnson, Shannon Lawson, Little Big Town, Mark Wills, and Blake Wise.",63458a84751cb1658c1da47ee2a9217b
What is the primary task addressed in the scientific article?,"The primary task addressed in the article is the generation of natural language descriptions from structured data, such as infoboxes from Wikipedia biographies.",41e0388723dec975a86cf9e92fc0fd83
How does the gated orthogonalization mechanism contribute to the model's performance?,"The gated orthogonalization mechanism models the ""stay on"" and ""never look back"" behaviors by introducing a forget gate and ensuring that subsequent field context vectors are orthogonal to previous ones, which helps in maintaining focus on current information and avoiding redundancy.",8f70c89b4e3a49c3f9c6490120bec141
How does the model perform on multilingual datasets?,"The model outperforms state-of-the-art methods on newly introduced French and German datasets, although the overall performance is lower than that for English, likely due to smaller training data and differences in description structure.",de4918b177b8812f1e8b7c2bfb925b09
"What is the significance of the film ""Group Portrait with a Lady"" in the context of German-French cinema?","""Group Portrait with a Lady"" is a significant film in German-French cinema as it is a 1977 drama film directed by Aleksandar Petrović and was entered into the 1977 Cannes Film Festival. It is based on the novel of the same name by German Nobel-Prize winning novelist Heinrich Böll, showcasing a collaboration between German and French cinema.",1a9695f9fa91d67828f1659e1070f7af
What historical context led to the formation of the Yugoslav Olympic Committee and its evolution over time?,"The Yugoslav Olympic Committee was established in Zagreb in 1919, recognized by the International Olympic Committee in 1920, and later moved to Belgrade in 1927. It was formed in the context of the Kingdom of Yugoslavia, which sought to represent the unified sporting interests of the region. The committee's evolution reflects the political changes in the region, with new committees being formed in the break-away countries during the dissolution of Yugoslavia, and the Federal Republic of Yugoslavia participating under different designations following the breakup.",f910142680d972b61b07d9b3063b9f40
What is the primary focus of NPO 1 Extra's programming?,"NPO 1 Extra primarily focuses on broadcasting programs created by the public broadcasters from the NPO, with most programs being from the archives of the Netherlands Institute for Sound and Vision. The channel is mainly focused on programs from the eighties and nineties of the last century.",0cb085e556942af09d64afcf474aeae5
What were some of the significant achievements of the horse Charisma?,"Charisma, ridden by New Zealander Mark Todd, won many competitions in the sport of eventing and is considered one of the greatest event horses ever. Some of his significant achievements include winning individual gold at the 1984 and 1988 Olympics, winning the Luhmuhlen, Germany Three-Day Event in 1986, and being voted the best NZ Sport Horse in the world in 1983 and 1985.",9826250057e1fca73a723637992de391
What role did John Ranelagh play in the establishment of Channel 4 in the UK?,"John Ranelagh was part of the team that started Channel 4. He conceived the Equinox program, developed the ""commissioning system,"" and served as Board Secretary.",73649e2540c99e2d68fd0b9eec19b0ae
"How does the adsorption site affect the state of indeno[1,2-a]fluorene (5)?","The adsorption site of indeno[1,2-a]fluorene (5) on the NaCl surface influences its state, with changes in the adsorption site leading to switching between open-shell (5OS) and closed-shell (5para) states.",76c3bf6581e3eefa063d0fdfaec4521a
"How did Ashanti's second album, ""Chapter II,"" perform commercially?","""Chapter II"" debuted at number one on the US Billboard 200 chart with first-week sales of 326,000 units and was eventually certified platinum.",8a5ffb3c3de4d313df3c84c4da7b0c7c
What are the key challenges addressed by the proposed human-AI loop approach in the context of event detection?,"The key challenges addressed by the human-AI loop approach include the unpredictability of event occurrences, the constantly changing dynamics of users' posting frequency, and the difficulty in estimating the expectation associated with a keyword. Additionally, the approach tackles the lack of a principled method for discovering new keywords to improve model performance.",b851cfebed40d22e7b0d1cc89f678989
How does the unified probabilistic model contribute to the effectiveness of the human-AI loop approach?,"The unified probabilistic model contributes to the effectiveness of the human-AI loop approach by seamlessly integrating expectation inference and model training. It aggregates contributions from both the crowd and the model, improving the inference of keyword expectation while resolving the inter-dependency between expectation inference and model training.",9855955eaa9d37589f5ad80b711c0964
"What is the significance of the human-AI loop approach in the context of complex event detection tasks, such as using deep neural networks?","The significance of the human-AI loop approach in complex event detection tasks, such as using deep neural networks, lies in its ability to gain insight into how the model learns for specific tasks. This approach helps in understanding the intrinsically hard-to-understand deep neural networks by providing human-understandable explanations through the discovery of informative keywords.",835668a5271d6e2648246396354d126f
Who was Admiral Sir Guy Reginald Archer Gaunt and what were his notable achievements?,"Admiral Sir Guy Reginald Archer Gaunt was an Australian-born officer of the Royal Navy, counter-intelligence officer, and a British Conservative Party politician. He was instrumental in infiltrating the Hindu–German Conspiracy during the First World War and served as naval attaché to the United States. He was also a Member of Parliament for the Buckrose constituency in the East Riding of Yorkshire.",ea9eeccfee7e476c560e306e939d8097
"What impact did Marie of Brabant, Countess of Savoy, have on the cultural and political landscape of Savoy?","Marie of Brabant, Countess of Savoy, brought cultural influence from Brabant to the court of Savoy, introducing artisans and fostering closer ties between Savoy and Brabant. She also played a role as a diplomat and political adviser, influencing court affairs and contributing to the alliance between Savoy, Brabant, and France against England.",0b8693d88bb8a0969c3887d8e2a90db8
How do the Friends and EmotionPush datasets differ in terms of their characteristics?,"The Friends dataset is speech-based, derived from the scripts of the Friends TV sitcom, and predominantly features utterances from six main characters, which allows for personality-based tokenization. In contrast, the EmotionPush dataset is chat-based, coming from Facebook messenger chats, and does not have identifiable speakers, requiring different processing for informal text elements like slang, acronyms, typos, hyperlinks, and emojis.",563596b22450bd672a99c58e861d53c2
How did the Goodies television series utilize innovative techniques in its production?,"The Goodies television series was one of the first shows in the UK to use chroma key and stop-motion techniques in a live action format. It also employed hand editing for repeated movement to make animals ""talk"" or ""sing,"" and play speed effects, as seen in the episode ""Kitten Kong.""",7587fdf038443c2ad76a61eaf9f55a2f
What is the primary goal of the study discussed in the article?,"The primary goal of the study is to enhance the interpretability of word embeddings by aligning the dimensions of vector representations with predefined semantic concepts from external lexical resources, while maintaining the performance of the original embeddings.",02234e923254d6a58422f44638a6cc2c
How does the proposed method perform in standard word-similarity and word-analogy tests compared to other methods?,"The proposed method shows improvements in word-similarity tests and comparable performance in word-analogy tests to the original GloVe embeddings, indicating that the semantic structure of the original vector space is preserved and even slightly improved.",ff73eb2e4d905a12557cbcbb9d48e23b
What is the primary reason Miranda Hope decides to stay in Paris with Madame de Maisonrouge?,"Miranda stays in Paris to improve her French and to experience real French life, as she believes that living in a French family will provide her with a better understanding of the language and culture.",e6af00bf55b5b2e3b2575b4748afd213
How does Miss Vane describe the position of woman in England?,"Miss Vane describes the position of a woman in England as dependent on the rank of her father, her eldest brother, her husband, etc., indicating a social hierarchy that influences a woman's status.",b698ee6a2c6fd03cfd2f2104af914a16
How does Miss Vane's view of the aristocracy differ from Miranda Hope's?,"Miss Vane believes in the importance of social hierarchy and the aristocracy, as indicated by her concern for her own position and that of her family. In contrast, Miranda seems to have a more egalitarian view, as she is critical of the idea that one's status should depend on the rank of one's relatives.",5424516442bf06d9263d2145d6856626
How did the concept of British subjecthood develop historically?,"Historically, the concept of British subjecthood developed from feudal allegiance, where inhabitants owed allegiance to their feudal lords, who were vassals of the monarch. This system evolved into a general establishment of subjecthood to the Crown, with the principle of jus soli established in 1608.",d2f4e1d85b063efdf009ee8107d65780
What impact did the British Nationality and Status of Aliens Act 1914 have on British subject status?,"The British Nationality and Status of Aliens Act 1914 brought regulations for British subject status into codified statute law for the first time, standardizing it as a common nationality across the Empire. It also introduced the doctrine of coverture, where a woman's nationality was tied to her husband's upon marriage to a foreigner.",b6b3da10ea2e611420b260d714083f8a
"What is the etymology of the name Salamá, and what historical events shaped its development?","Salamá comes from the Kʼicheʼ Tz'alam Ha, meaning ""table on water."" Historically, it was settled as a doctrine by the Order of Preachers in the 1550s and experienced significant events such as the Battle of Salamá in 1839 and the anticommunist rebellion in 1953.",55351b833abe77c300a4575dc1334eef
"What is the significance of the Sanjiang Church in Wenzhou, China?","The Sanjiang Church in Wenzhou, China, was significant as it was one of the largest Christian churches in the region, completed in 2013 after local Christians pooled funds for its construction. It was demolished in 2014 following a government anti-religious campaign, despite protests from local Christians.",14a726140134fba73b93bc8a13ea131c
What was the significance of the Arms Crisis in Haughey's political career?,"The Arms Crisis nearly destroyed Haughey's career when he was implicated in a plot to import arms for the IRA. He was sacked from the cabinet but later acquitted at trial, which allowed him to revive his political career.",9178fc07d7de147c814540c1d423494b
What was the outcome of the Arms Trial involving Charles Haughey and Neil Blaney?,"The Arms Trial ended with charges against Neil Blaney being dropped, and Charles Haughey, along with other defendants, being found not guilty of conspiracy to illegally import arms.",e6809070df7178f08f649c6aa38ddcb7
How has the Southern California Edison (SCE) adapted to the deregulation of California's electricity market?,"SCE adapted to the deregulation of California's electricity market by selling many of its power plants, retaining only its hydroelectric plants and a share of the San Onofre Nuclear Generating Station. The company also allows customers to obtain their electricity entirely from renewable sources through a ""green rate"" program and has invested in renewable energy projects, such as the Tehachapi Energy Storage Project.",760d8f0f2a18cf2a8ba2b81e1b62a252
What is the significance of the Southern Maryland Electric Cooperative (SMECO) in the region's energy landscape?,"SMECO is significant as it is an electric distribution cooperative serving approximately 161,000 customers in southern Maryland. As a nonprofit cooperative, SMECO passes on its costs to its customer-members without markup or profit. It has also been recognized for its customer service and has been involved in renewable energy initiatives and regulatory challenges related to solar power.",0704c50d3ae4bb624eb9bf1396a3ca08
How did Frederick Henry contribute to the arts and culture during his reign as Margrave of Brandenburg-Schwedt?,"Frederick Henry was a patron of the arts, particularly theater. He acquired the Prinzessinnenpalais in Berlin and contracted the actress Henriette Hendel-Schutz to perform in his Court Theater, significantly enhancing the cultural landscape of his region.",80cc6967693c32dedd90f900408aad1d
"What role did mathematics and philosophy play in the life of Frederick Henry's daughter, Frederike, and how was this influenced by Leonhard Euler?","Leonhard Euler, a renowned mathematician, corresponded with Frederike, Frederick Henry's daughter, sending her numerous letters about mathematical and philosophical subjects. These letters, published as ""Letters to a German Princess,"" aimed to explain complex issues in an understandable manner, reflecting the Enlightenment's influence on education and intellectual pursuits.",850cff9ed7237eda34e2369b29e9bc31
What is the primary objective of the study described in the article?,"The primary objective of the study is to predict a user's industry by identifying industry-indicative text in social media, which can significantly impact targeted advertising and personalized user experience.",ec2cb853929909a95dd648878c903582
What are the four main contributions of the paper?,"The four main contributions are: 1) building a large, industry-annotated dataset containing over 20,000 blog users; 2) constructing content-based classifiers for industry prediction and improving accuracy through meta-classification techniques; 3) building vector-space representations of word meanings to illustrate industry-specific semantic differentiation; and 4) ranking industries based on the normalized relative frequencies of emotionally charged words and examining gender correlations.",50ffbe08c4279270cc9278eaab61b3b0
How does the study qualitatively analyze the language of different industries?,"The study qualitatively analyzes the language of different industries by examining top-ranked words, industry-specific word similarities, and the relative frequency of emotionally charged words, providing insights into how industry context shapes language use.",9360c2de6933f8f2547197f1e3312155
What is the outcome of the walling up of the closet?,"The closet is walled up by Gorenflot, trapping the mysterious man inside. Despite Madame de Merret's attempt to break through the wall to save him, her efforts are thwarted by her husband's return, and the man inside is left to die.",153f4b1fc55b1aa4595412532c7c26f6
How does the story reflect themes of trust and betrayal?,"The story reflects themes of trust and betrayal through the relationship between Madame de Merret and Monsieur de Merret. The husband's suspicions and the wife's secret actions lead to a tragic outcome, highlighting the consequences of betrayal and the breakdown of trust.",257ed7328a585c39376efc8ff57eae58
What is the role of Rosalie in the story?,"Rosalie is Madame de Merret's maid and plays a crucial role in the unfolding events. She is aware of the secret in the closet and is instrumental in the attempt to save the trapped man, but ultimately fails due to Monsieur de Merret's intervention.",e172799f5893f945207e0008490b22e5
"What themes are explored in the Indian Oriya film ""Indradhanura Chhai""?","""Indradhanura Chhai"" explores themes of urbanization, tradition, culture, religion, and gender relations in a small town in India. The film follows the lives of three generations of women as they navigate their changing perceptions of human nature and personal relationships amidst the growing influence of modern consumerism and urbanization.",b69564390a84595205ca8877b9b1da66
"How is the Turkic deity Kayra related to the concept of the ""Black King""?","In Turkic mythology, Kayra is the creator god and the son of the sky deity Tengri. Kayra's son, Kara Han, is referred to as the ""Black King"" or ""Kara-Khan"" and is the ruler of the land. The term ""Kara"" can mean both black and land, so ""Kara Han"" can signify both ""Black Ruler"" and ""Ruler of the Land."" This connection between Kayra and the ""Black King"" highlights the deity's importance in Turkic mythology and its role in creation and governance.",84ed4f25597d9a0069b4dd3083bb89c1
"How does the study address the potential conflict of interest due to funding from Ajinomoto Co., Inc.?","The study addresses the potential conflict of interest by clearly stating that the commercial funder provided support in the form of salary for one author and some research materials, but did not influence the study design, data collection and analysis, or preparation of the manuscript. The authors had unrestricted access to the data, and the decision to publish was made without any restriction due to a confidentiality agreement.",c723af850dfa674b7e71fa6a9e9ea392
How do cells respond to essential AA deprivation according to the study?,"Cells respond to essential AA deprivation with a cell-autonomous adaptive response characterized by extensive metabolic and gene expression modifications, implementing biosynthetic, catabolic, and plasma membrane transport processes aimed at reconstituting the full AA complement.",e17b965131f4f6649150802917481985
How did George VI's role and public perception change during World War II?,"During World War II, George VI was seen as sharing the hardships of the common people, which soared his popularity. He and his wife, Queen Elizabeth, stayed in London despite German bombing raids, and their public appearances visiting bomb sites, munitions factories, and troops helped portray them as symbols of national resistance.",9bf04b462ead9ce5853e52472977f914
"How did the relationship between King George VI and Lionel Logue develop in the film ""The King's Speech""?","In the film ""The King's Speech,"" the relationship between King George VI and Lionel Logue began with Logue, a speech and language therapist, helping the King cope with his stammer. As they worked together, they developed a friendship, and the King relied on Logue to help him make his first wartime radio broadcast upon Britain's declaration of war on Germany in 1939.",221e549b9c705b2d8119902551a500c3
"What is the significance of Gold Hill, North Carolina in the context of gold mining history?","Gold Hill, North Carolina is significant because it was a major site for gold mining in the 19th century, with $6 million in gold mined prior to the Civil War. It was known for having some of the richest and most productive gold mines east of the Mississippi, including the Barnhardt and Randolph mines.",e38b98efa4bded64df83990bfe1e0dfc
"What is the structure of the state government in Nigeria, and how does it relate to the federal government?","In Nigeria, each state has a semi-autonomous government structure that includes a legislature, executive, and judiciary. The state legislature is unicameral and has the power to legislate on concurrent matters. The executive is headed by a governor who appoints state executive council members. The judiciary interprets state laws and is headed by a chief justice appointed by the governor. States share powers with the federal government as enumerated in the Nigerian Constitution, and sovereignty resides with the federal government.",1cc837d609ea103ed408a516d95d267f
"What are the main features of Thirukkanur, Puducherry?","Thirukkanur is a village in Puducherry, India, known for its primary health center, police station, post office, electricity office, and registrar office. The area is primarily agricultural, and Thirukkanur market serves the needs of about 20 nearby villages. There are no major industries within the village's jurisdiction.",eef3449caeab65a75ae641c2678a81f0
How do communications satellites facilitate global communication?,"Communications satellites relay and amplify radio telecommunication signals via transponders, creating a communication channel between different locations on Earth, and are often used for television, telephone, radio, internet, and military applications.",874e9be53a3eafca5b4175a27cb6d400
What was the significance of ATS-6 in the history of satellite technology?,"ATS-6 was significant as it was the first 3-axis stabilized spacecraft in geostationary orbit, the first to use experimental electric propulsion in geostationary orbit, and was used for various educational and telecommunication experiments.",d19d274523bfcf6cd220dae486baa9e0
What is the impact of increasing the depth of the denoiser on the effectiveness of error mitigation?,"Increasing the depth of the denoiser generally improves the effectiveness of error mitigation, especially for high precision Trotter circuits with large depth and short time. However, the improvements are not uniform across all scenarios, and there are diminishing returns as the denoiser depth increases beyond a certain point.",75de95d9027d253d4dc768b800606a3f
How is the sampling overhead related to the sign problem in probabilistic error cancellation?,"The sampling overhead is directly related to the sign problem in probabilistic error cancellation. A large sampling overhead implies a large variance of observables for a given number of samples, requiring the cancellation of large signed terms. This makes finding optimal parameterizations that minimize the sampling overhead crucial for scalability.",9291afbb226d90d8d97b508402b45436
What are the limitations of the optimization procedure for the denoiser?,"The limitations of the optimization procedure for the denoiser include the difficulty in finding the global optimum, especially for large noise strengths, which can lead to nonmonotonic behavior as a function of noise strength. Additionally, the optimization is confined to limited system sizes due to the need to simulate the noiseless circuit and its noisy variant classically.",d0c54ade942e053dd142c86cf9e83a7d
How did Yusuf Islam's (Cat Stevens) religious conversion affect his music career?,"Following his conversion to Islam in 1977, Yusuf Islam abandoned his pop music career for nearly two decades. He initially believed that music was haram (forbidden) in Islam and decided to focus on his faith and humanitarian work. However, he later realized that music could be used for positive purposes and gradually resumed his musical career in the 1990s, incorporating Islamic themes and messages.",2797a97438d21c926740dab950260d21
What is the significance of Jolyon James's 'Robot Song' and his contributions to the Arena Theatre Company?,"Jolyon James's 'Robot Song' is a Helpmann Award-winning work for Arena Theatre Company, the premiere work produced by the company after its relocation to regional Victoria. This highlights James's significant contributions to the company and his ability to create impactful and successful productions for young audiences.",c8bd7bdefea3bdebfa2c40a0432cf7b8
